date,event,card,detail
2026-08-21,decisions-stood,223,12
2026-08-21,decisions-overruled,223,0
2026-08-21,card-created,292,asked
2026-08-21,card-created,293,asked
2026-08-21,card-created,294,asked
2026-08-21,card-created,295,asked
2026-08-21,card-created,296,asked
2026-08-21,card-created,297,asked
2026-08-21,decisions-stood,281,0
2026-08-21,decisions-overruled,281,0
2026-08-21,decisions-stood,265,2
2026-08-21,decisions-overruled,265,0
2026-08-21,decisions-stood,264,2
2026-08-21,decisions-overruled,264,0
2026-08-21,decisions-stood,261,24
2026-08-21,decisions-overruled,261,0
2026-08-22,decisions-stood,224,24
2026-08-22,decisions-overruled,224,0
2026-08-22,decisions-stood,221,4
2026-08-22,decisions-overruled,221,0
2026-08-22,decisions-stood,262,16
2026-08-22,decisions-overruled,262,0
2026-08-22,decisions-stood,179,7
2026-08-22,decisions-overruled,179,0
2026-08-22,release-closed,,0.7.1
2026-08-22,question-closed,232,user
2026-08-22,card-created,298,asked
2026-08-22,decisions-stood,255,12
2026-08-22,decisions-overruled,255,0
2026-08-22,decisions-stood,257,7
2026-08-22,decisions-overruled,257,0
2026-08-22,decisions-stood,232,16
2026-08-22,decisions-overruled,232,0
2026-08-22,question-closed,266,user
2026-08-22,question-closed,266,user
2026-08-22,question-closed,272,user
2026-08-22,question-closed,273,user
2026-08-22,decisions-stood,256,8
2026-08-22,decisions-overruled,256,0
2026-08-22,decisions-stood,279,0
2026-08-22,decisions-overruled,279,0
2026-08-22,question-closed,294,user
2026-08-22,decisions-stood,283,5
2026-08-22,decisions-overruled,283,0
2026-08-22,decisions-stood,254,2
2026-08-22,decisions-overruled,254,0
2026-08-22,card-created,299,asked
2026-08-22,question-closed,299,user
2026-08-22,question-closed,299,user
2026-08-22,question-closed,299,board
2026-08-23,decisions-stood,16,9
2026-08-23,decisions-overruled,16,0
2026-08-23,decisions-stood,48,0
2026-08-23,decisions-overruled,48,0
2026-08-23,decisions-stood,50,0
2026-08-23,decisions-overruled,50,0
2026-08-23,decisions-stood,45,14
2026-08-23,decisions-overruled,45,0
2026-08-23,card-created,300,asked
2026-08-23,card-created,301,asked
2026-08-23,card-created,302,asked
2026-08-23,card-created,303,asked
2026-08-23,card-created,304,asked
2026-08-23,card-created,305,asked
2026-08-23,card-created,306,asked
2026-08-23,card-created,307,asked
2026-08-23,card-created,308,asked
2026-08-23,card-created,309,asked
2026-08-24,question-closed,301,board
2026-08-24,question-closed,301,board
2026-08-24,card-archived,301,asked
2026-08-24,decisions-stood,301,35
2026-08-24,decisions-overruled,301,5
2026-08-24,question-closed,302,user
2026-08-24,question-closed,302,board
2026-08-24,card-archived,302,asked
2026-08-24,decisions-stood,302,21
2026-08-24,decisions-overruled,302,0
2026-08-24,card-created,310,asked
2026-08-24,question-closed,303,user
2026-08-24,question-closed,303,user
2026-08-24,card-archived,303,asked
2026-08-24,decisions-stood,303,16
2026-08-24,decisions-overruled,303,0
2026-08-24,question-closed,304,user
2026-08-24,card-archived,304,asked
2026-08-24,decisions-stood,304,19
2026-08-24,decisions-overruled,304,0
2026-08-24,question-closed,306,user
2026-08-24,question-closed,307,user
2026-08-24,card-archived,306,asked
2026-08-24,decisions-stood,306,24
2026-08-24,decisions-overruled,306,0
2026-08-24,card-archived,307,asked
2026-08-24,decisions-stood,307,23
2026-08-24,decisions-overruled,307,0
2026-08-24,card-archived,305,asked
2026-08-24,decisions-stood,305,13
2026-08-24,decisions-overruled,305,0
2026-08-25,card-archived,308,asked
2026-08-25,decisions-stood,308,5
2026-08-25,decisions-overruled,308,3
2026-08-25,card-rejected,309,asked
2026-08-25,decisions-stood,309,7
2026-08-25,decisions-overruled,309,0
2026-08-25,question-closed,310,user
2026-08-25,card-archived,300,asked
2026-08-25,decisions-stood,300,12
2026-08-25,decisions-overruled,300,0
2026-08-25,card-archived,310,asked
2026-08-25,decisions-stood,310,11
2026-08-25,decisions-overruled,310,1
2026-08-25,release-closed,,0.7.2
2026-08-25,question-closed,311,user
2026-08-25,question-closed,311,user
2026-08-25,question-closed,311,user
2026-08-25,card-created,321,asked
2026-08-25,question-closed,311,user
2026-08-25,question-closed,311,user
2026-08-25,card-created,322,asked
2026-08-25,question-closed,311,user
2026-08-25,question-closed,311,user
2026-08-25,card-created,323,asked
2026-08-25,question-closed,312,user
2026-08-25,question-closed,312,board
2026-08-25,question-closed,312,user
2026-08-25,question-closed,312,user
2026-08-26,question-closed,312,user
2026-08-26,decisions-stood,312,21
2026-08-26,decisions-overruled,312,1
2026-08-26,card-created,324,asked
2026-08-26,question-closed,321,user
2026-08-26,question-closed,323,user
2026-08-26,question-closed,321,user
2026-08-26,card-archived,323,asked
2026-08-26,decisions-stood,323,16
2026-08-26,decisions-overruled,323,0
2026-08-26,card-created,325,asked
2026-08-26,card-created,326,asked
2026-08-26,card-archived,299,asked
2026-08-26,decisions-stood,299,13
2026-08-26,decisions-overruled,299,0
2026-08-26,question-closed,326,user
2026-08-26,question-closed,326,user
2026-08-26,card-created,327,asked
2026-08-26,question-closed,326,user
2026-08-26,question-closed,282,user
2026-08-26,question-closed,327,user
2026-08-26,question-closed,327,user
2026-08-26,question-closed,327,user
2026-08-26,decisions-stood,282,9
2026-08-26,decisions-overruled,282,0
2026-08-26,question-closed,311,user
2026-08-26,question-closed,314,user
2026-08-26,card-created,328,asked
2026-08-26,card-archived,321,asked
2026-08-26,decisions-stood,321,17
2026-08-26,decisions-overruled,321,2
2026-08-26,card-created,329,asked
2026-08-26,card-created,330,asked
2026-08-26,card-created,331,asked
2026-08-26,question-closed,325,user
2026-08-26,card-archived,326,asked
2026-08-26,decisions-stood,326,21
2026-08-26,decisions-overruled,326,0
2026-08-26,card-created,332,asked
2026-08-26,question-closed,332,user
2026-08-26,card-archived,331,asked
2026-08-26,decisions-stood,331,8
2026-08-26,decisions-overruled,331,0
2026-08-26,question-closed,319,user
2026-08-26,question-closed,332,user
2026-08-26,card-created,333,asked
2026-08-26,card-created,334,asked
2026-08-26,card-created,335,asked
2026-08-26,card-created,336,asked
2026-08-26,card-created,337,asked
2026-08-26,decisions-stood,290,10
2026-08-26,decisions-overruled,290,0
2026-08-26,question-closed,332,user
2026-08-26,card-created,338,asked
2026-08-26,decisions-stood,291,7
2026-08-26,decisions-overruled,291,0
2026-08-26,card-rejected,298,asked
2026-08-26,decisions-stood,298,4
2026-08-26,decisions-overruled,298,0
2026-08-26,question-closed,320,user
2026-08-26,question-closed,319,user
2026-08-26,question-closed,319,user
2026-08-26,question-closed,319,user
2026-08-26,card-archived,334,asked
2026-08-26,decisions-stood,334,6
2026-08-26,decisions-overruled,334,0
2026-08-26,question-closed,333,user
2026-08-26,question-closed,333,user
2026-08-26,question-closed,327,user
2026-08-26,question-closed,327,user
2026-08-26,question-closed,319,user
2026-08-26,question-closed,338,user
2026-08-26,card-created,339,asked
2026-08-26,question-closed,332,user
2026-08-26,question-closed,339,user
2026-08-26,question-closed,319,user
2026-08-26,question-closed,319,user
2026-08-26,question-closed,319,user
2026-08-26,card-archived,333,asked
2026-08-26,decisions-stood,333,13
2026-08-26,decisions-overruled,333,0
2026-08-26,card-archived,339,asked
2026-08-26,decisions-stood,339,10
2026-08-26,decisions-overruled,339,0
2026-08-26,card-archived,327,asked
2026-08-26,decisions-stood,327,23
2026-08-26,decisions-overruled,327,0
2026-08-27,question-closed,319,user
2026-08-27,question-closed,335,user
2026-08-27,question-closed,337,user
2026-08-28,question-closed,319,board
2026-08-28,question-closed,319,user
2026-08-28,question-closed,338,user
2026-08-28,question-closed,335,user
2026-08-28,card-archived,335,asked
2026-08-28,decisions-stood,335,10
2026-08-28,decisions-overruled,335,0
2026-08-28,decisions-stood,319,32
2026-08-28,decisions-overruled,319,3
2026-08-28,card-created,340,asked
2026-08-28,card-archived,338,asked
2026-08-28,decisions-stood,338,5
2026-08-28,decisions-overruled,338,0
2026-08-28,decisions-stood,318,15
2026-08-28,decisions-overruled,318,0
2026-08-28,card-created,341,asked
2026-08-28,question-closed,320,user
2026-08-28,question-closed,336,user
2026-08-28,decisions-stood,155,8
2026-08-28,decisions-overruled,155,1
2026-08-28,question-closed,267,user
2026-08-28,question-closed,268,user
2026-08-28,card-created,342,asked
2026-08-28,card-created,343,asked
2026-08-28,card-created,344,asked
2026-08-28,card-created,345,asked
2026-08-28,decisions-stood,288,8
2026-08-28,decisions-overruled,288,0
2026-08-28,decisions-stood,289,0
2026-08-28,decisions-overruled,289,0
2026-08-28,decisions-stood,287,2
2026-08-28,decisions-overruled,287,0
2026-08-28,decisions-stood,247,0
2026-08-28,decisions-overruled,247,0
2026-08-28,decisions-stood,246,6
2026-08-28,decisions-overruled,246,0
2026-08-28,question-closed,342,user
2026-08-28,question-closed,342,user
2026-08-28,card-archived,343,asked
2026-08-28,decisions-stood,343,4
2026-08-28,decisions-overruled,343,0
2026-08-28,question-closed,344,user
2026-08-28,card-created,346,asked
2026-08-28,question-closed,325,user
2026-08-28,card-created,347,asked
2026-08-28,decisions-stood,320,10
2026-08-28,decisions-overruled,320,1
2026-08-28,card-archived,347,asked
2026-08-28,decisions-stood,347,1
2026-08-28,decisions-overruled,347,0
2026-08-28,decisions-stood,229,0
2026-08-28,decisions-overruled,229,0
2026-08-28,card-created,348,asked
2026-08-28,card-archived,345,asked
2026-08-28,decisions-stood,345,3
2026-08-28,decisions-overruled,345,0
2026-08-28,question-closed,341,user
2026-08-28,question-closed,330,user
2026-08-28,card-archived,329,asked
2026-08-28,decisions-stood,329,4
2026-08-28,decisions-overruled,329,0
2026-08-28,card-rejected,348,asked
2026-08-28,decisions-stood,348,1
2026-08-28,decisions-overruled,348,0
2026-08-28,question-closed,344,user
2026-08-28,question-closed,330,user
2026-08-28,question-closed,344,user
2026-08-28,question-closed,280,user
2026-08-28,question-closed,280,user
2026-08-28,question-closed,280,user
2026-08-28,question-closed,280,user
2026-08-28,card-created,349,asked
2026-08-28,question-closed,324,user
2026-08-28,question-closed,332,user
2026-08-29,question-closed,349,user
2026-08-29,card-created,350,asked
2026-08-29,question-closed,350,board
2026-08-29,card-archived,344,asked
2026-08-29,decisions-stood,344,6
2026-08-29,decisions-overruled,344,0
2026-08-29,card-archived,342,asked
2026-08-29,decisions-stood,342,6
2026-08-29,decisions-overruled,342,1
2026-08-29,card-archived,349,asked
2026-08-29,decisions-stood,349,10
2026-08-29,decisions-overruled,349,0
2026-08-29,card-archived,324,asked
2026-08-29,decisions-stood,324,6
2026-08-29,decisions-overruled,324,0
2026-08-29,card-archived,337,asked
2026-08-29,decisions-stood,337,8
2026-08-29,decisions-overruled,337,0
2026-08-29,decisions-stood,274,4
2026-08-29,decisions-overruled,274,0
2026-08-29,decisions-stood,275,7
2026-08-29,decisions-overruled,275,0
2026-08-29,card-created,351,asked
2026-08-29,decisions-stood,158,0
2026-08-29,decisions-overruled,158,0
2026-08-29,decisions-stood,276,7
2026-08-29,decisions-overruled,276,0
2026-08-29,decisions-stood,2,0
2026-08-29,decisions-overruled,2,0
2026-08-29,question-closed,330,user
2026-08-29,card-archived,330,asked
2026-08-29,decisions-stood,330,9
2026-08-29,decisions-overruled,330,0
2026-08-29,card-archived,325,asked
2026-08-29,decisions-stood,325,17
2026-08-29,decisions-overruled,325,0
2026-08-29,card-archived,336,asked
2026-08-29,decisions-stood,336,5
2026-08-29,decisions-overruled,336,0
2026-08-29,card-archived,332,asked
2026-08-29,decisions-stood,332,11
2026-08-29,decisions-overruled,332,0
2026-08-29,question-closed,351,user
2026-08-29,card-created,352,asked
2026-08-29,card-archived,350,asked
2026-08-29,decisions-stood,350,2
2026-08-29,decisions-overruled,350,0
2026-08-29,card-created,353,asked
2026-08-29,card-created,354,proposed
2026-08-29,card-created,355,proposed
2026-08-29,card-created,356,proposed
2026-08-29,card-created,357,proposed
2026-08-29,card-created,358,proposed
2026-08-29,card-archived,351,asked
2026-08-29,decisions-stood,351,5
2026-08-29,decisions-overruled,351,0
2026-08-29,card-archived,352,asked
2026-08-29,decisions-stood,352,7
2026-08-29,decisions-overruled,352,0
2026-08-29,question-closed,357,user
2026-08-29,card-archived,346,asked
2026-08-29,decisions-stood,346,4
2026-08-29,decisions-overruled,346,0
2026-08-29,card-archived,353,asked
2026-08-29,decisions-stood,353,6
2026-08-29,decisions-overruled,353,0
2026-08-29,card-created,359,asked
2026-08-29,card-created,360,asked
2026-08-29,question-closed,359,board
2026-08-29,card-archived,359,asked
2026-08-29,decisions-stood,359,4
2026-08-29,decisions-overruled,359,0
2026-08-29,card-created,361,asked
2026-08-29,card-created,362,asked
2026-08-29,card-archived,361,asked
2026-08-29,decisions-stood,361,3
2026-08-29,decisions-overruled,361,0
2026-08-29,question-closed,360,board
2026-08-29,card-created,363,asked
2026-08-29,question-closed,363,board
2026-08-29,question-closed,153,user
2026-08-29,release-closed,,0.8.0
2026-08-29,decisions-stood,153,8
2026-08-29,decisions-overruled,153,4
2026-08-29,card-rejected,358,proposed
2026-08-29,decisions-stood,358,3
2026-08-29,decisions-overruled,358,0
2026-08-29,question-closed,322,user
2026-08-29,card-created,364,asked
2026-08-29,card-created,365,asked
2026-08-29,question-closed,341,user
2026-08-29,question-closed,280,user
2026-08-29,question-closed,280,user
2026-08-29,decisions-stood,267,6
2026-08-29,decisions-overruled,267,0
2026-08-30,card-created,366,asked
2026-08-30,card-created,367,asked
2026-08-30,card-created,368,asked
2026-08-30,card-created,369,asked
2026-08-30,card-created,370,asked
2026-08-30,question-closed,366,user
2026-08-30,card-archived,368,asked
2026-08-30,decisions-stood,368,0
2026-08-30,decisions-overruled,368,0
2026-08-30,card-archived,367,asked
2026-08-30,decisions-stood,367,1
2026-08-30,decisions-overruled,367,0
2026-08-30,card-archived,369,asked
2026-08-30,decisions-stood,369,2
2026-08-30,decisions-overruled,369,0
2026-08-30,card-archived,366,asked
2026-08-30,decisions-stood,366,2
2026-08-30,decisions-overruled,366,0
2026-08-30,question-closed,370,user
2026-08-30,card-created,371,asked
2026-08-30,question-closed,370,user
2026-08-30,card-archived,370,asked
2026-08-30,decisions-stood,370,7
2026-08-30,decisions-overruled,370,4
2026-08-30,question-closed,314,user
2026-08-30,question-closed,280,user
2026-08-30,decisions-stood,280,6
2026-08-30,decisions-overruled,280,0
2026-08-30,card-created,372,asked
2026-08-31,decisions-stood,268,2
2026-08-31,decisions-overruled,268,3
2026-08-31,card-archived,372,asked
2026-08-31,decisions-stood,372,5
2026-08-31,decisions-overruled,372,1
2026-08-31,card-created,373,asked
2026-08-31,card-created,374,asked
2026-08-31,card-created,375,asked
2026-08-31,card-rejected,355,proposed
2026-08-31,decisions-stood,355,2
2026-08-31,decisions-overruled,355,0
2026-08-31,card-rejected,356,proposed
2026-08-31,decisions-stood,356,2
2026-08-31,decisions-overruled,356,0
2026-08-31,card-rejected,354,proposed
2026-08-31,decisions-stood,354,3
2026-08-31,decisions-overruled,354,0
2026-08-31,card-created,376,asked
2026-08-31,card-created,377,asked
2026-08-31,card-created,378,asked
2026-08-31,card-created,379,asked
2026-08-31,card-created,380,asked
2026-08-31,question-closed,378,user
2026-08-31,question-closed,380,user
2026-08-31,card-created,381,asked
2026-08-31,card-created,382,asked
2026-08-31,card-created,383,asked
2026-08-31,card-created,384,asked
2026-08-31,card-created,385,asked
2026-08-31,card-created,386,asked
2026-08-31,card-created,387,asked
2026-08-31,question-closed,383,user
2026-08-31,card-created,389,asked
2026-08-31,card-created,390,asked
2026-08-31,card-archived,389,asked
2026-08-31,decisions-stood,389,4
2026-08-31,decisions-overruled,389,0
2026-08-31,card-rejected,382,asked
2026-08-31,decisions-stood,382,6
2026-08-31,decisions-overruled,382,0
2026-08-31,card-rejected,383,asked
2026-08-31,decisions-stood,383,5
2026-08-31,decisions-overruled,383,0
2026-08-31,card-rejected,384,asked
2026-08-31,decisions-stood,384,8
2026-08-31,decisions-overruled,384,0
2026-08-31,card-rejected,385,asked
2026-08-31,decisions-stood,385,1
2026-08-31,decisions-overruled,385,0
2026-08-31,card-rejected,386,asked
2026-08-31,decisions-stood,386,5
2026-08-31,decisions-overruled,386,0
2026-08-31,card-rejected,387,asked
2026-08-31,decisions-stood,387,5
2026-08-31,decisions-overruled,387,0
2026-09-01,decisions-stood,314,12
2026-09-01,decisions-overruled,314,1
2026-09-01,card-archived,357,proposed
2026-09-01,decisions-stood,357,3
2026-09-01,decisions-overruled,357,0
2026-09-01,card-created,391,asked
2026-09-01,card-created,392,asked
2026-09-01,card-created,393,asked
2026-09-01,card-created,394,asked
2026-09-01,card-created,395,asked
2026-09-01,card-archived,377,asked
2026-09-01,decisions-stood,377,5
2026-09-01,decisions-overruled,377,0
2026-09-01,question-closed,392,user
2026-09-01,question-closed,394,user
2026-09-01,card-created,396,asked
2026-09-01,question-closed,391,user
2026-09-01,card-archived,395,asked
2026-09-01,decisions-stood,395,7
2026-09-01,decisions-overruled,395,0
2026-09-01,card-created,397,asked
2026-09-01,card-archived,392,asked
2026-09-01,decisions-stood,392,10
2026-09-01,decisions-overruled,392,0
2026-09-01,card-archived,394,asked
2026-09-01,decisions-stood,394,3
2026-09-01,decisions-overruled,394,0
2026-09-02,question-closed,396,user
2026-09-02,question-closed,396,user
2026-09-02,card-archived,396,asked
2026-09-02,decisions-stood,396,4
2026-09-02,decisions-overruled,396,0
2026-09-02,card-created,398,asked
2026-09-02,question-closed,315,user
2026-09-02,card-archived,391,asked
2026-09-02,decisions-stood,391,3
2026-09-02,decisions-overruled,391,0
2026-09-02,decisions-stood,271,5
2026-09-02,decisions-overruled,271,0
2026-09-02,decisions-stood,273,17
2026-09-02,decisions-overruled,273,0
2026-09-02,question-closed,272,user
2026-09-02,question-closed,270,user
2026-09-02,decisions-stood,315,11
2026-09-02,decisions-overruled,315,0
2026-09-02,decisions-stood,269,8
2026-09-02,decisions-overruled,269,0
2026-09-02,question-closed,398,user
2026-09-02,card-created,399,asked
2026-09-02,card-rejected,397,asked
2026-09-02,decisions-stood,397,2
2026-09-02,decisions-overruled,397,0
2026-09-02,question-closed,316,user
2026-09-02,question-closed,399,user
2026-09-02,question-closed,399,user
2026-09-02,decisions-stood,270,8
2026-09-02,decisions-overruled,270,0
2026-09-02,card-created,400,asked
2026-09-03,question-closed,272,user
2026-09-03,question-closed,400,user
2026-09-03,decisions-stood,316,12
2026-09-03,decisions-overruled,316,0
2026-09-03,card-archived,380,asked
2026-09-03,decisions-stood,380,8
2026-09-03,decisions-overruled,380,1
2026-09-03,card-created,401,asked
2026-09-03,card-created,402,asked
2026-09-03,card-created,403,asked
2026-09-03,card-created,404,asked
2026-09-03,card-archived,374,asked
2026-09-03,decisions-stood,374,5
2026-09-03,decisions-overruled,374,0
2026-09-03,decisions-stood,272,8
2026-09-03,decisions-overruled,272,0
2026-09-03,card-archived,403,asked
2026-09-03,decisions-stood,403,0
2026-09-03,decisions-overruled,403,0
2026-09-03,question-closed,402,user
2026-09-03,question-closed,402,user
2026-09-03,question-closed,293,user
2026-09-03,question-closed,293,user
2026-09-03,question-closed,379,user
2026-09-03,question-closed,378,user
2026-09-03,question-closed,404,user
2026-09-03,card-archived,401,asked
2026-09-03,decisions-stood,401,8
2026-09-03,decisions-overruled,401,0
2026-09-03,card-archived,398,asked
2026-09-03,decisions-stood,398,11
2026-09-03,decisions-overruled,398,0
2026-09-03,card-created,405,asked
2026-09-03,card-archived,405,asked
2026-09-03,decisions-stood,405,5
2026-09-03,decisions-overruled,405,2
2026-09-03,card-archived,378,asked
2026-09-03,decisions-stood,378,3
2026-09-03,decisions-overruled,378,0
2026-09-03,card-archived,404,asked
2026-09-03,decisions-stood,404,4
2026-09-03,decisions-overruled,404,0
2026-09-03,question-closed,379,user
2026-09-04,decisions-stood,266,5
2026-09-04,decisions-overruled,266,0
2026-09-04,card-created,406,asked
2026-09-04,card-created,407,asked
2026-09-04,card-created,408,asked
2026-09-04,card-created,409,asked
2026-09-04,card-created,410,asked
2026-09-04,card-created,411,asked
2026-09-04,card-created,412,asked
2026-09-04,card-created,413,asked
2026-09-04,question-closed,406,user
2026-09-04,question-closed,406,user
2026-09-04,question-closed,406,user
2026-09-04,question-closed,406,user
2026-09-04,question-closed,407,user
2026-09-04,question-closed,399,user
2026-09-04,card-archived,407,asked
2026-09-04,decisions-stood,407,10
2026-09-04,decisions-overruled,407,0
2026-09-04,question-closed,399,user
2026-09-04,question-closed,408,user
2026-09-04,decisions-stood,317,11
2026-09-04,decisions-overruled,317,0
2026-09-04,question-closed,322,user
2026-09-04,question-closed,379,user
2026-09-04,card-archived,408,asked
2026-09-04,decisions-stood,408,8
2026-09-04,decisions-overruled,408,0
2026-09-04,card-archived,379,asked
2026-09-04,decisions-stood,379,22
2026-09-04,decisions-overruled,379,1
2026-09-04,card-archived,376,asked
2026-09-04,decisions-stood,376,12
2026-09-04,decisions-overruled,376,0
2026-09-04,question-closed,328,user
2026-09-04,question-closed,409,user
2026-09-04,question-closed,409,user
2026-09-05,card-archived,322,asked
2026-09-05,decisions-stood,322,10
2026-09-05,decisions-overruled,322,1
2026-09-05,card-archived,409,asked
2026-09-05,decisions-stood,409,8
2026-09-05,decisions-overruled,409,1
2026-09-05,question-closed,413,user
2026-09-05,question-closed,293,user
2026-09-05,card-archived,411,asked
2026-09-05,decisions-stood,411,10
2026-09-05,decisions-overruled,411,0
2026-09-05,card-archived,294,asked
2026-09-05,decisions-stood,294,39
2026-09-05,decisions-overruled,294,0
2026-09-05,card-archived,293,asked
2026-09-05,decisions-stood,293,12
2026-09-05,decisions-overruled,293,3
2026-09-05,card-archived,295,asked
2026-09-05,decisions-stood,295,8
2026-09-05,decisions-overruled,295,0
2026-09-05,card-created,414,asked
2026-09-05,card-created,415,asked
2026-09-05,card-created,416,asked
2026-09-05,card-created,417,asked
2026-09-05,card-created,418,asked
2026-09-05,card-created,419,asked
2026-09-05,card-created,420,asked
2026-09-05,card-created,421,asked
2026-09-05,card-created,422,asked
2026-09-05,card-created,423,asked
2026-09-05,card-archived,373,asked
2026-09-05,decisions-stood,373,9
2026-09-05,decisions-overruled,373,0
2026-09-05,card-archived,297,asked
2026-09-05,decisions-stood,297,12
2026-09-05,decisions-overruled,297,0
2026-09-05,question-closed,292,user
2026-09-05,card-archived,292,asked
2026-09-05,decisions-stood,292,8
2026-09-05,decisions-overruled,292,1
2026-09-05,question-closed,400,user
2026-09-05,question-closed,296,board
2026-09-05,card-created,424,asked
2026-09-05,question-closed,418,user
2026-09-05,card-archived,419,asked
2026-09-05,decisions-stood,419,3
2026-09-05,decisions-overruled,419,0
2026-09-05,card-archived,416,asked
2026-09-05,decisions-stood,416,6
2026-09-05,decisions-overruled,416,0
2026-09-05,card-archived,421,asked
2026-09-05,decisions-stood,421,0
2026-09-05,decisions-overruled,421,0
2026-09-05,question-closed,422,user
2026-09-05,card-archived,415,asked
2026-09-05,decisions-stood,415,3
2026-09-05,decisions-overruled,415,0
2026-09-05,card-rejected,402,asked
2026-09-05,decisions-stood,402,6
2026-09-05,decisions-overruled,402,1
2026-09-05,card-archived,420,asked
2026-09-05,decisions-stood,420,0
2026-09-05,decisions-overruled,420,0
2026-09-05,card-created,425,asked
2026-09-05,card-created,426,asked
2026-09-05,card-created,427,asked
2026-09-05,card-created,428,asked
2026-09-05,card-archived,424,asked
2026-09-05,decisions-stood,424,5
2026-09-05,decisions-overruled,424,0
2026-09-05,question-closed,425,user
2026-09-05,question-closed,426,user
2026-09-05,card-archived,414,asked
2026-09-05,decisions-stood,414,1
2026-09-05,decisions-overruled,414,0
2026-09-05,question-closed,427,user
2026-09-05,question-closed,428,user
2026-09-05,question-closed,422,user
2026-09-05,question-closed,427,user
2026-09-05,question-closed,428,user
2026-09-05,question-closed,426,user
2026-09-05,card-archived,426,asked
2026-09-05,decisions-stood,426,4
2026-09-05,decisions-overruled,426,0
2026-09-05,card-archived,422,asked
2026-09-05,decisions-stood,422,6
2026-09-05,decisions-overruled,422,1
2026-09-05,card-archived,418,asked
2026-09-05,decisions-stood,418,1
2026-09-05,decisions-overruled,418,0
2026-09-06,card-archived,428,asked
2026-09-06,decisions-stood,428,4
2026-09-06,decisions-overruled,428,0
2026-09-06,card-archived,427,asked
2026-09-06,decisions-stood,427,9
2026-09-06,decisions-overruled,427,0
2026-09-06,card-archived,425,asked
2026-09-06,decisions-stood,425,2
2026-09-06,decisions-overruled,425,0
2026-09-06,card-archived,417,asked
2026-09-06,decisions-stood,417,5
2026-09-06,decisions-overruled,417,0
2026-09-06,card-created,434,asked
2026-09-06,card-created,435,asked
2026-09-06,card-created,437,asked
2026-09-06,card-created,438,asked
2026-09-06,card-created,439,asked
2026-09-06,question-closed,437,user
2026-09-06,question-closed,434,user
2026-09-06,question-closed,438,user
2026-09-06,card-created,440,asked
2026-09-06,card-created,441,asked
2026-09-06,question-closed,435,user
2026-09-06,question-closed,434,user
2026-09-06,question-closed,441,user
2026-09-06,question-closed,440,user
2026-09-06,question-closed,440,user
2026-09-06,card-archived,439,asked
2026-09-06,decisions-stood,439,4
2026-09-06,decisions-overruled,439,0
2026-09-06,question-closed,440,user
2026-09-06,question-closed,435,user
2026-09-06,card-archived,438,asked
2026-09-06,decisions-stood,438,6
2026-09-06,decisions-overruled,438,0
2026-09-06,card-created,443,asked
2026-09-06,card-archived,437,asked
2026-09-06,decisions-stood,437,6
2026-09-06,decisions-overruled,437,0
2026-09-06,question-closed,443,user
2026-09-06,question-closed,443,user
2026-09-06,card-created,445,asked
2026-09-06,card-created,447,asked
2026-09-06,card-created,449,asked
2026-09-06,question-closed,447,user
2026-09-06,question-closed,447,user
2026-09-06,question-closed,443,user
2026-09-06,card-archived,434,asked
2026-09-06,decisions-stood,434,7
2026-09-06,decisions-overruled,434,0
2026-09-06,card-created,451,asked
2026-09-06,question-closed,451,user
2026-09-06,question-closed,423,user
2026-09-06,question-closed,449,user
2026-09-06,card-archived,435,asked
2026-09-06,decisions-stood,435,15
2026-09-06,decisions-overruled,435,0
2026-09-06,question-closed,447,user
2026-09-06,question-closed,447,user
2026-09-06,release-closed,,0.9.0
2026-09-06,card-archived,445,asked
2026-09-06,decisions-stood,445,2
2026-09-06,decisions-overruled,445,0
2026-09-06,card-archived,441,asked
2026-09-06,decisions-stood,441,12
2026-09-06,decisions-overruled,441,0
2026-09-06,card-rejected,381,asked
2026-09-06,decisions-stood,381,5
2026-09-06,decisions-overruled,381,0
2026-09-06,card-created,453,asked
2026-09-06,card-created,454,asked
2026-09-06,card-created,456,asked
2026-09-06,card-created,457,asked
2026-09-06,card-created,458,asked
2026-09-06,card-created,459,asked
2026-09-06,card-created,460,asked
2026-09-06,card-archived,440,asked
2026-09-06,decisions-stood,440,4
2026-09-06,decisions-overruled,440,0
2026-09-06,question-closed,458,user
2026-09-06,question-closed,460,user
2026-09-06,question-closed,457,user
2026-09-06,question-closed,459,user
2026-09-06,question-closed,454,user
2026-09-06,question-closed,454,user
2026-09-06,card-created,463,asked
2026-09-06,card-created,464,asked
2026-09-07,card-archived,443,asked
2026-09-07,decisions-stood,443,7
2026-09-07,decisions-overruled,443,0
2026-09-07,card-archived,449,asked
2026-09-07,decisions-stood,449,7
2026-09-07,decisions-overruled,449,0
2026-09-07,card-archived,451,asked
2026-09-07,decisions-stood,451,7
2026-09-07,decisions-overruled,451,0
2026-09-07,card-archived,457,asked
2026-09-07,decisions-stood,457,9
2026-09-07,decisions-overruled,457,0
2026-09-07,card-archived,447,asked
2026-09-07,decisions-stood,447,11
2026-09-07,decisions-overruled,447,0
2026-09-07,card-archived,458,asked
2026-09-07,decisions-stood,458,9
2026-09-07,decisions-overruled,458,0
2026-09-07,card-rejected,463,asked
2026-09-07,decisions-stood,463,5
2026-09-07,decisions-overruled,463,0
2026-09-07,card-archived,464,asked
2026-09-07,decisions-stood,464,4
2026-09-07,decisions-overruled,464,1
2026-09-07,card-archived,460,asked
2026-09-07,decisions-stood,460,8
2026-09-07,decisions-overruled,460,0
2026-09-07,card-created,466,asked
2026-09-07,card-created,467,asked
2026-09-07,card-created,468,asked
2026-09-07,card-created,469,asked
2026-09-07,card-created,470,asked
2026-09-07,card-archived,459,asked
2026-09-07,decisions-stood,459,6
2026-09-07,decisions-overruled,459,0
2026-09-07,card-archived,456,asked
2026-09-07,decisions-stood,456,4
2026-09-07,decisions-overruled,456,0
2026-09-07,card-archived,463,asked
2026-09-07,decisions-stood,463,6
2026-09-07,decisions-overruled,463,0
2026-09-07,question-closed,470,user
2026-09-07,card-created,473,asked
2026-09-07,question-closed,453,user
2026-09-07,question-closed,453,user
2026-09-07,card-created,476,asked
2026-09-07,card-created,477,asked
2026-09-07,card-created,478,asked
2026-09-07,card-created,479,asked
2026-09-07,card-archived,464,asked
2026-09-07,decisions-stood,464,4
2026-09-07,decisions-overruled,464,1
2026-09-07,question-closed,478,user
2026-09-07,card-created,481,asked
2026-09-07,question-closed,481,user
2026-09-07,card-archived,467,asked
2026-09-07,decisions-stood,467,11
2026-09-07,decisions-overruled,467,0
2026-09-07,card-archived,478,asked
2026-09-07,decisions-stood,478,5
2026-09-07,decisions-overruled,478,0
2026-09-07,question-closed,468,user
2026-09-07,card-archived,477,asked
2026-09-07,decisions-stood,477,2
2026-09-07,decisions-overruled,477,0
2026-09-07,card-archived,470,asked
2026-09-07,decisions-stood,470,8
2026-09-07,decisions-overruled,470,0
2026-09-07,card-archived,481,asked
2026-09-07,decisions-stood,481,5
2026-09-07,decisions-overruled,481,0
2026-09-07,question-closed,473,user
2026-09-07,card-archived,468,asked
2026-09-07,decisions-stood,468,9
2026-09-07,decisions-overruled,468,0
2026-09-07,card-archived,469,asked
2026-09-07,decisions-stood,469,6
2026-09-07,decisions-overruled,469,0
2026-09-07,card-archived,466,asked
2026-09-07,decisions-stood,466,6
2026-09-07,decisions-overruled,466,0
2026-09-07,card-archived,479,asked
2026-09-07,decisions-stood,479,11
2026-09-07,decisions-overruled,479,2
2026-09-07,card-archived,476,asked
2026-09-07,decisions-stood,476,3
2026-09-07,decisions-overruled,476,0
2026-09-07,card-archived,473,asked
2026-09-07,decisions-stood,473,1
2026-09-07,decisions-overruled,473,0
2026-09-07,card-created,483,asked
2026-09-07,card-archived,483,asked
2026-09-07,decisions-stood,483,0
2026-09-07,decisions-overruled,483,0
2026-09-07,card-archived,453,asked
2026-09-07,decisions-stood,453,8
2026-09-07,decisions-overruled,453,0
2026-09-07,question-closed,454,user
2026-09-08,card-created,489,asked
2026-09-08,card-created,490,asked
2026-09-08,question-closed,489,user
2026-09-08,card-archived,489,asked
2026-09-08,decisions-stood,489,4
2026-09-08,decisions-overruled,489,0
2026-09-08,card-created,491,asked
2026-09-08,card-archived,491,asked
2026-09-08,decisions-stood,491,4
2026-09-08,decisions-overruled,491,0
2026-09-08,card-created,493,asked
2026-09-08,question-closed,493,user
2026-09-08,card-archived,490,asked
2026-09-08,decisions-stood,490,10
2026-09-08,decisions-overruled,490,0
2026-09-08,card-archived,493,asked
2026-09-08,decisions-stood,493,3
2026-09-08,decisions-overruled,493,0
2026-09-08,card-created,495,asked
2026-09-08,question-closed,495,user
2026-09-08,card-created,496,asked
2026-09-08,question-closed,496,user
2026-09-08,question-closed,496,user
2026-09-08,question-closed,496,user
2026-09-08,card-archived,495,asked
2026-09-08,decisions-stood,495,3
2026-09-08,decisions-overruled,495,0
2026-09-08,card-created,499,asked
2026-09-08,card-archived,375,asked
2026-09-08,decisions-stood,375,9
2026-09-08,decisions-overruled,375,0
2026-09-08,card-created,501,asked
2026-09-08,card-archived,501,asked
2026-09-08,decisions-stood,501,0
2026-09-08,decisions-overruled,501,0
2026-09-08,card-archived,499,asked
2026-09-08,decisions-stood,499,0
2026-09-08,decisions-overruled,499,0
2026-09-08,card-archived,496,asked
2026-09-08,decisions-stood,496,9
2026-09-08,decisions-overruled,496,0
2026-09-08,card-archived,364,asked
2026-09-08,decisions-stood,364,10
2026-09-08,decisions-overruled,364,1
2026-09-08,card-created,503,asked
2026-09-08,card-created,504,asked
2026-09-08,card-archived,504,asked
2026-09-08,decisions-stood,504,0
2026-09-08,decisions-overruled,504,0
2026-09-08,card-archived,503,asked
2026-09-08,decisions-stood,503,0
2026-09-08,decisions-overruled,503,0
2026-09-08,card-created,507,asked
2026-09-08,question-closed,507,user
2026-09-08,question-closed,507,user
2026-09-08,question-closed,507,user
2026-09-08,card-rejected,390,asked
2026-09-08,decisions-stood,390,0
2026-09-08,decisions-overruled,390,0
2026-09-08,card-created,509,asked
2026-09-08,question-closed,509,user
2026-09-08,card-created,511,asked
2026-09-08,card-created,514,asked
2026-09-08,question-closed,514,user
2026-09-08,question-closed,514,user
2026-09-08,question-closed,514,user
2026-09-08,card-archived,507,asked
2026-09-08,decisions-stood,507,4
2026-09-08,decisions-overruled,507,2
2026-09-08,card-archived,509,asked
2026-09-08,decisions-stood,509,3
2026-09-08,decisions-overruled,509,0
2026-09-08,card-created,515,asked
2026-09-08,card-archived,511,asked
2026-09-08,decisions-stood,511,4
2026-09-08,decisions-overruled,511,0
2026-09-08,question-closed,515,user
2026-09-08,card-created,516,asked
2026-09-08,card-created,517,asked
2026-09-08,card-created,518,asked
2026-09-08,card-archived,516,asked
2026-09-08,decisions-stood,516,0
2026-09-08,decisions-overruled,516,0
2026-09-08,question-closed,517,user
2026-09-08,question-closed,518,user
2026-09-08,card-archived,515,asked
2026-09-08,decisions-stood,515,1
2026-09-08,decisions-overruled,515,0
2026-09-08,card-archived,517,asked
2026-09-08,decisions-stood,517,3
2026-09-08,decisions-overruled,517,0
